ID,DataRow ID,Labeled Data,Label,Created By,Project Name,Created At,Updated At,Seconds to Label,External ID,Agreement,Benchmark Agreement,Benchmark ID,Benchmark Reference ID,Dataset Name,Reviews,View Label
ckk8bhkg400003g68czmnol0g,ckk8b8zb1bhez0re7ac5tahqh,https://storage.labelbox.com/ckgj4l5y1rrjc0782wpnim743%2F71396e5d-5d9a-5d4e-2391-d4dc6d43c471-bg_img_0.jpg?Expires=1612531864657&KeyName=labelbox-assets-key-1&Signature=ht_JouQavaauLbPYB8O0fTC8_p4,"{""objects"":[{""featureId"":""ckk8bhhn713x10ya66u4h8ou9"",""schemaId"":""ckk8bg8ff06bx0ybafthc84mp"",""title"":""useful_space"",""value"":""useful_space"",""color"":""#1CE6FF"",""bbox"":{""top"":139,""left"":87,""height"":2234,""width"":1748},""instanceURI"":""https://api.labelbox.com/masks/feature/ckk8bhhn713x10ya66u4h8ou9?token=eyJhbGciOiJIUzI1NiIsInR5cCI6IkpXVCJ9.eyJ1c2VySWQiOiJja2g0ajg0eGR3aGY4MDg5NG82N3p1bndxIiwib3JnYW5pemF0aW9uSWQiOiJja2dqNGw1eTFycmpjMDc4MndwbmltNzQzIiwiaWF0IjoxNjExMzIyMjY0LCJleHAiOjE2MTM5MTQyNjR9.UqSzq-DpcrkIyuaiDSK9K_8VGdoLgSdbcwtvFRiDVbY""}],""classifications"":[]}",1004608032@qq.com,background_labeled,1611321954000,1611322060383,17.101,bg_img_0.jpg,,-1,,,background_img,[],https://editor.labelbox.com?project=ckk8b70qg0tko0804nkbjono1&label=ckk8bhkg400003g68czmnol0g
ckk8bhqor00013g68jvx8o1vx,ckk8b8zb1bhfb0re70e7j6hzl,https://storage.labelbox.com/ckgj4l5y1rrjc0782wpnim743%2F539fe335-4dfe-9666-cf3a-4543959193d4-bg_img_3.jpg?Expires=1612531864667&KeyName=labelbox-assets-key-1&Signature=uTZJX0-WIfLql9izutmKXfw2ZFY,"{""objects"":[{""featureId"":""ckk8bhpn609z30ybu9qgj9t2x"",""schemaId"":""ckk8bg8ff06bx0ybafthc84mp"",""title"":""useful_space"",""value"":""useful_space"",""color"":""#1CE6FF"",""bbox"":{""top"":460,""left"":297,""height"":2049,""width"":1306},""instanceURI"":""https://api.labelbox.com/masks/feature/ckk8bhpn609z30ybu9qgj9t2x?token=eyJhbGciOiJIUzI1NiIsInR5cCI6IkpXVCJ9.eyJ1c2VySWQiOiJja2g0ajg0eGR3aGY4MDg5NG82N3p1bndxIiwib3JnYW5pemF0aW9uSWQiOiJja2dqNGw1eTFycmpjMDc4MndwbmltNzQzIiwiaWF0IjoxNjExMzIyMjY0LCJleHAiOjE2MTM5MTQyNjR9.UqSzq-DpcrkIyuaiDSK9K_8VGdoLgSdbcwtvFRiDVbY""}],""classifications"":[]}",1004608032@qq.com,background_labeled,1611321962000,1611322061000,9.753,bg_img_3.jpg,-1,-1,,,background_img,[],https://editor.labelbox.com?project=ckk8b70qg0tko0804nkbjono1&label=ckk8bhqor00013g68jvx8o1vx
ckk8bi6k600023g68xsly8z0p,ckk8b8zb2bhfn0re7h8ot4laf,https://storage.labelbox.com/ckgj4l5y1rrjc0782wpnim743%2F9d4f106a-66d6-55b8-22a6-6529cc895a92-bg_img_6.jpg?Expires=1612531864669&KeyName=labelbox-assets-key-1&Signature=MbE7qfucOCqCiWqeXvElAUyoA1A,"{""objects"":[{""featureId"":""ckk8bi5l106ya0ybaensd0f3x"",""schemaId"":""ckk8bg8ff06bx0ybafthc84mp"",""title"":""useful_space"",""value"":""useful_space"",""color"":""#1CE6FF"",""bbox"":{""top"":287,""left"":277,""height"":2160,""width"":1335},""instanceURI"":""https://api.labelbox.com/masks/feature/ckk8bi5l106ya0ybaensd0f3x?token=eyJhbGciOiJIUzI1NiIsInR5cCI6IkpXVCJ9.eyJ1c2VySWQiOiJja2g0ajg0eGR3aGY4MDg5NG82N3p1bndxIiwib3JnYW5pemF0aW9uSWQiOiJja2dqNGw1eTFycmpjMDc4MndwbmltNzQzIiwiaWF0IjoxNjExMzIyMjY0LCJleHAiOjE2MTM5MTQyNjR9.UqSzq-DpcrkIyuaiDSK9K_8VGdoLgSdbcwtvFRiDVbY""}],""classifications"":[]}",1004608032@qq.com,background_labeled,1611321982000,1611322061371,15.666,bg_img_6.jpg,,-1,,,background_img,[],https://editor.labelbox.com?project=ckk8b70qg0tko0804nkbjono1&label=ckk8bi6k600023g68xsly8z0p
ckk8bif5500033g68z2r9roft,ckk8b8zb2bhfz0re7b4iw6ltw,https://storage.labelbox.com/ckgj4l5y1rrjc0782wpnim743%2F120f4766-d30e-4915-c4d1-4912e4b27ad3-bg_img_10.jpg?Expires=1612531864669&KeyName=labelbox-assets-key-1&Signature=FcBi6mq4Bwjrvmg64WsDLkyDPKI,"{""objects"":[{""featureId"":""ckk8bie2h0a7f0ybu1eyn97cz"",""schemaId"":""ckk8bg8ff06bx0ybafthc84mp"",""title"":""useful_space"",""value"":""useful_space"",""color"":""#1CE6FF"",""bbox"":{""top"":222,""left"":1517,""height"":8596,""width"":4145},""instanceURI"":""https://api.labelbox.com/masks/feature/ckk8bie2h0a7f0ybu1eyn97cz?token=eyJhbGciOiJIUzI1NiIsInR5cCI6IkpXVCJ9.eyJ1c2VySWQiOiJja2g0ajg0eGR3aGY4MDg5NG82N3p1bndxIiwib3JnYW5pemF0aW9uSWQiOiJja2dqNGw1eTFycmpjMDc4MndwbmltNzQzIiwiaWF0IjoxNjExMzIyMjY0LCJleHAiOjE2MTM5MTQyNjR9.UqSzq-DpcrkIyuaiDSK9K_8VGdoLgSdbcwtvFRiDVbY""}],""classifications"":[]}",1004608032@qq.com,background_labeled,1611321993000,1611322062000,14.093,bg_img_10.jpg,-1,-1,,,background_img,[],https://editor.labelbox.com?project=ckk8b70qg0tko0804nkbjono1&label=ckk8bif5500033g68z2r9roft
ckk8bimhv00043g68nj2h0gcu,ckk8b8zb2bhgb0re7cyup52ww,https://storage.labelbox.com/ckgj4l5y1rrjc0782wpnim743%2F31b28ad5-7de2-cb9a-29b3-a19394da3b2d-bg_img_13.jpg?Expires=1612531864670&KeyName=labelbox-assets-key-1&Signature=OeXaL4P7brHeLm5LNCgBzsZMHCA,"{""objects"":[{""featureId"":""ckk8bilr00a9d0ybu05j9hjiz"",""schemaId"":""ckk8bg8ff06bx0ybafthc84mp"",""title"":""useful_space"",""value"":""useful_space"",""color"":""#1CE6FF"",""bbox"":{""top"":53,""left"":54,""height"":4618,""width"":2078},""instanceURI"":""https://api.labelbox.com/masks/feature/ckk8bilr00a9d0ybu05j9hjiz?token=eyJhbGciOiJIUzI1NiIsInR5cCI6IkpXVCJ9.eyJ1c2VySWQiOiJja2g0ajg0eGR3aGY4MDg5NG82N3p1bndxIiwib3JnYW5pemF0aW9uSWQiOiJja2dqNGw1eTFycmpjMDc4MndwbmltNzQzIiwiaWF0IjoxNjExMzIyMjY0LCJleHAiOjE2MTM5MTQyNjR9.UqSzq-DpcrkIyuaiDSK9K_8VGdoLgSdbcwtvFRiDVbY""}],""classifications"":[]}",1004608032@qq.com,background_labeled,1611322003000,1611322062245,9.747,bg_img_13.jpg,,-1,,,background_img,[],https://editor.labelbox.com?project=ckk8b70qg0tko0804nkbjono1&label=ckk8bimhv00043g68nj2h0gcu
ckk8biums00053g68g1asdjx6,ckk8b8zb2bhgn0re7hk40eoyf,https://storage.labelbox.com/ckgj4l5y1rrjc0782wpnim743%2F87ae0a89-d97d-41f1-b328-5f85b7103d09-bg_img_16.jpg?Expires=1612531864670&KeyName=labelbox-assets-key-1&Signature=62dgDIhxnt9Zg_Bzlh2pa9oO6h4,"{""objects"":[{""featureId"":""ckk8biu1007nw0yabhl9s5jf0"",""schemaId"":""ckk8bg8ff06bx0ybafthc84mp"",""title"":""useful_space"",""value"":""useful_space"",""color"":""#1CE6FF"",""bbox"":{""top"":151,""left"":136,""height"":3069,""width"":1295},""instanceURI"":""https://api.labelbox.com/masks/feature/ckk8biu1007nw0yabhl9s5jf0?token=eyJhbGciOiJIUzI1NiIsInR5cCI6IkpXVCJ9.eyJ1c2VySWQiOiJja2g0ajg0eGR3aGY4MDg5NG82N3p1bndxIiwib3JnYW5pemF0aW9uSWQiOiJja2dqNGw1eTFycmpjMDc4MndwbmltNzQzIiwiaWF0IjoxNjExMzIyMjY0LCJleHAiOjE2MTM5MTQyNjR9.UqSzq-DpcrkIyuaiDSK9K_8VGdoLgSdbcwtvFRiDVbY""}],""classifications"":[]}",1004608032@qq.com,background_labeled,1611322014000,1611322063000,8.959,bg_img_16.jpg,-1,-1,,,background_img,[],https://editor.labelbox.com?project=ckk8b70qg0tko0804nkbjono1&label=ckk8biums00053g68g1asdjx6
ckk8bj1xg00063g683ez5vk9g,ckk8b8zb2bhgz0re71pfy59t6,https://storage.labelbox.com/ckgj4l5y1rrjc0782wpnim743%2F2aa99980-ad07-434b-b940-c2e9b31be7fc-bg_img_19.jpg?Expires=1612531864671&KeyName=labelbox-assets-key-1&Signature=7dXQIsNWpHIBByn2ne0uJYm1aZw,"{""objects"":[{""featureId"":""ckk8biyyn07qe0yab6nln95ia"",""schemaId"":""ckk8bg8ff06bx0ybafthc84mp"",""title"":""useful_space"",""value"":""useful_space"",""color"":""#1CE6FF"",""bbox"":{""top"":213,""left"":215,""height"":3604,""width"":1408},""instanceURI"":""https://api.labelbox.com/masks/feature/ckk8biyyn07qe0yab6nln95ia?token=eyJhbGciOiJIUzI1NiIsInR5cCI6IkpXVCJ9.eyJ1c2VySWQiOiJja2g0ajg0eGR3aGY4MDg5NG82N3p1bndxIiwib3JnYW5pemF0aW9uSWQiOiJja2dqNGw1eTFycmpjMDc4MndwbmltNzQzIiwiaWF0IjoxNjExMzIyMjY0LCJleHAiOjE2MTM5MTQyNjR9.UqSzq-DpcrkIyuaiDSK9K_8VGdoLgSdbcwtvFRiDVbY""}],""classifications"":[]}",1004608032@qq.com,background_labeled,1611322023000,1611322063125,9.027000000000001,bg_img_19.jpg,,-1,,,background_img,[],https://editor.labelbox.com?project=ckk8b70qg0tko0804nkbjono1&label=ckk8bj1xg00063g683ez5vk9g
ckk8bjlck00073g68z2jluuc3,ckk8b8zb1bhf30re7dn9t44cq,https://storage.labelbox.com/ckgj4l5y1rrjc0782wpnim743%2Fb2d5d0f8-bf42-3e9c-4df2-87b358f77dcb-bg_img_1.jpg?Expires=1612531864673&KeyName=labelbox-assets-key-1&Signature=Uhtwc9HbfIn9kmf268NQjfpHC5g,"{""objects"":[{""featureId"":""ckk8bj8fw07b50yba360v0vbc"",""schemaId"":""ckk8bg8ff06bx0ybafthc84mp"",""title"":""useful_space"",""value"":""useful_space"",""color"":""#1CE6FF"",""bbox"":{""top"":595,""left"":363,""height"":5442,""width"":2399},""instanceURI"":""https://api.labelbox.com/masks/feature/ckk8bj8fw07b50yba360v0vbc?token=eyJhbGciOiJIUzI1NiIsInR5cCI6IkpXVCJ9.eyJ1c2VySWQiOiJja2g0ajg0eGR3aGY4MDg5NG82N3p1bndxIiwib3JnYW5pemF0aW9uSWQiOiJja2dqNGw1eTFycmpjMDc4MndwbmltNzQzIiwiaWF0IjoxNjExMzIyMjY0LCJleHAiOjE2MTM5MTQyNjR9.UqSzq-DpcrkIyuaiDSK9K_8VGdoLgSdbcwtvFRiDVbY""}],""classifications"":[]}",1004608032@qq.com,background_labeled,1611322048000,1611322064046,20.705,bg_img_1.jpg,,-1,,,background_img,[],https://editor.labelbox.com?project=ckk8b70qg0tko0804nkbjono1&label=ckk8bjlck00073g68z2jluuc3
ckk8bju1q00083g68dy6eiqbp,ckk8b8zb1bhff0re7a4hxgamg,https://storage.labelbox.com/ckgj4l5y1rrjc0782wpnim743%2F72a4d26e-a5d2-18d0-49a0-f868498656f8-bg_img_4.jpg?Expires=1612531864673&KeyName=labelbox-assets-key-1&Signature=rV9b84w6ZVs9k2ndzeXl3Dy5RDE,"{""objects"":[{""featureId"":""ckk8bjt4o07ii0yba4ucd6l3e"",""schemaId"":""ckk8bg8ff06bx0ybafthc84mp"",""title"":""useful_space"",""value"":""useful_space"",""color"":""#1CE6FF"",""bbox"":{""top"":74,""left"":55,""height"":2597,""width"":1433},""instanceURI"":""https://api.labelbox.com/masks/feature/ckk8bjt4o07ii0yba4ucd6l3e?token=eyJhbGciOiJIUzI1NiIsInR5cCI6IkpXVCJ9.eyJ1c2VySWQiOiJja2g0ajg0eGR3aGY4MDg5NG82N3p1bndxIiwib3JnYW5pemF0aW9uSWQiOiJja2dqNGw1eTFycmpjMDc4MndwbmltNzQzIiwiaWF0IjoxNjExMzIyMjY0LCJleHAiOjE2MTM5MTQyNjR9.UqSzq-DpcrkIyuaiDSK9K_8VGdoLgSdbcwtvFRiDVbY""}],""classifications"":[]}",1004608032@qq.com,background_labeled,1611322060000,1611322065000,12.084,bg_img_4.jpg,-1,-1,,,background_img,[],https://editor.labelbox.com?project=ckk8b70qg0tko0804nkbjono1&label=ckk8bju1q00083g68dy6eiqbp
ckk8bkfcs00093g68lhtj3d2h,ckk8b8zb2bhfr0re79pa14opt,https://storage.labelbox.com/ckgj4l5y1rrjc0782wpnim743%2F74c61e2f-50a5-1310-86d6-7731a916b281-bg_img_8.jpg?Expires=1612531864674&KeyName=labelbox-assets-key-1&Signature=ILmhyuSfBVEP1fl09h5oFbzZMlY,"{""objects"":[{""featureId"":""ckk8bjyn6002v0ya645lnfv8x"",""schemaId"":""ckk8bg8ff06bx0ybafthc84mp"",""title"":""useful_space"",""value"":""useful_space"",""color"":""#1CE6FF"",""bbox"":{""top"":148,""left"":192,""height"":2432,""width"":1647},""instanceURI"":""https://api.labelbox.com/masks/feature/ckk8bjyn6002v0ya645lnfv8x?token=eyJhbGciOiJIUzI1NiIsInR5cCI6IkpXVCJ9.eyJ1c2VySWQiOiJja2g0ajg0eGR3aGY4MDg5NG82N3p1bndxIiwib3JnYW5pemF0aW9uSWQiOiJja2dqNGw1eTFycmpjMDc4MndwbmltNzQzIiwiaWF0IjoxNjExMzIyMjY0LCJleHAiOjE2MTM5MTQyNjR9.UqSzq-DpcrkIyuaiDSK9K_8VGdoLgSdbcwtvFRiDVbY""}],""classifications"":[]}",1004608032@qq.com,background_labeled,1611322087000,1611322178000,26.494,bg_img_8.jpg,-1,-1,,,background_img,[],https://editor.labelbox.com?project=ckk8b70qg0tko0804nkbjono1&label=ckk8bkfcs00093g68lhtj3d2h
ckk8bkku0000a3g68na4bap41,ckk8b8zb2bhg30re719mqf8ei,https://storage.labelbox.com/ckgj4l5y1rrjc0782wpnim743%2F9f80082a-0d07-ac62-d638-d0f39aaccc66-bg_img_11.jpg?Expires=1612531864674&KeyName=labelbox-assets-key-1&Signature=_mQvIJQlJPRUjlmZVb0SomYJ9Mg,"{""objects"":[{""featureId"":""ckk8bkjpr08cd0yabcyffgzgx"",""schemaId"":""ckk8bg8ff06bx0ybafthc84mp"",""title"":""useful_space"",""value"":""useful_space"",""color"":""#1CE6FF"",""bbox"":{""top"":732,""left"":589,""height"":3348,""width"":2418},""instanceURI"":""https://api.labelbox.com/masks/feature/ckk8bkjpr08cd0yabcyffgzgx?token=eyJhbGciOiJIUzI1NiIsInR5cCI6IkpXVCJ9.eyJ1c2VySWQiOiJja2g0ajg0eGR3aGY4MDg5NG82N3p1bndxIiwib3JnYW5pemF0aW9uSWQiOiJja2dqNGw1eTFycmpjMDc4MndwbmltNzQzIiwiaWF0IjoxNjExMzIyMjY0LCJleHAiOjE2MTM5MTQyNjR9.UqSzq-DpcrkIyuaiDSK9K_8VGdoLgSdbcwtvFRiDVbY""}],""classifications"":[]}",1004608032@qq.com,background_labeled,1611322095000,1611322178064,6.192,bg_img_11.jpg,,-1,,,background_img,[],https://editor.labelbox.com?project=ckk8b70qg0tko0804nkbjono1&label=ckk8bkku0000a3g68na4bap41
ckk8bku8j000b3g68g2q0bsma,ckk8b8zb2bhgf0re7dat67g84,https://storage.labelbox.com/ckgj4l5y1rrjc0782wpnim743%2F10a26f7d-b918-c5d1-4e42-8c41c78e76cb-bg_img_14.jpg?Expires=1612531864675&KeyName=labelbox-assets-key-1&Signature=CN02UpUuUAiI65Z-KUvay6junWk,"{""objects"":[{""featureId"":""ckk8bkr5900ef0ya6h69efxsv"",""schemaId"":""ckk8bg8ff06bx0ybafthc84mp"",""title"":""useful_space"",""value"":""useful_space"",""color"":""#1CE6FF"",""bbox"":{""top"":515,""left"":457,""height"":5696,""width"":3874},""instanceURI"":""https://api.labelbox.com/masks/feature/ckk8bkr5900ef0ya6h69efxsv?token=eyJhbGciOiJIUzI1NiIsInR5cCI6IkpXVCJ9.eyJ1c2VySWQiOiJja2g0ajg0eGR3aGY4MDg5NG82N3p1bndxIiwib3JnYW5pemF0aW9uSWQiOiJja2dqNGw1eTFycmpjMDc4MndwbmltNzQzIiwiaWF0IjoxNjExMzIyMjY0LCJleHAiOjE2MTM5MTQyNjR9.UqSzq-DpcrkIyuaiDSK9K_8VGdoLgSdbcwtvFRiDVbY""}],""classifications"":[]}",1004608032@qq.com,background_labeled,1611322106000,1611322179000,13.208,bg_img_14.jpg,-1,-1,,,background_img,[],https://editor.labelbox.com?project=ckk8b70qg0tko0804nkbjono1&label=ckk8bku8j000b3g68g2q0bsma
ckk8bl0x8000c3g68ih5dymy2,ckk8b8zb2bhgr0re78u61ell0,https://storage.labelbox.com/ckgj4l5y1rrjc0782wpnim743%2Fd36c967c-8e30-27c3-0c3d-7309aa7dc527-bg_img_17.jpg?Expires=1612531864675&KeyName=labelbox-assets-key-1&Signature=1k62LQwNCn1ntdnmq2VdVtJtYTE,"{""objects"":[{""featureId"":""ckk8bl0cs08ht0yab0grq6kft"",""schemaId"":""ckk8bg8ff06bx0ybafthc84mp"",""title"":""useful_space"",""value"":""useful_space"",""color"":""#1CE6FF"",""bbox"":{""top"":74,""left"":72,""height"":2586,""width"":1785},""instanceURI"":""https://api.labelbox.com/masks/feature/ckk8bl0cs08ht0yab0grq6kft?token=eyJhbGciOiJIUzI1NiIsInR5cCI6IkpXVCJ9.eyJ1c2VySWQiOiJja2g0ajg0eGR3aGY4MDg5NG82N3p1bndxIiwib3JnYW5pemF0aW9uSWQiOiJja2dqNGw1eTFycmpjMDc4MndwbmltNzQzIiwiaWF0IjoxNjExMzIyMjY0LCJleHAiOjE2MTM5MTQyNjR9.UqSzq-DpcrkIyuaiDSK9K_8VGdoLgSdbcwtvFRiDVbY""}],""classifications"":[]}",1004608032@qq.com,background_labeled,1611322115000,1611322179495,9.098,bg_img_17.jpg,,-1,,,background_img,[],https://editor.labelbox.com?project=ckk8b70qg0tko0804nkbjono1&label=ckk8bl0x8000c3g68ih5dymy2
ckk8bl8bd000d3g68hl32r6fp,ckk8b8zb1bhf70re7e8qgbe3y,https://storage.labelbox.com/ckgj4l5y1rrjc0782wpnim743%2F2fee5f92-e5d3-0bc4-8faa-ba161eb8d280-bg_img_2.jpg?Expires=1612531864675&KeyName=labelbox-assets-key-1&Signature=0GoaMZ8ZXEeRCyGewvmWiSL-wN8,"{""objects"":[{""featureId"":""ckk8bl7j600iv0ya64hkucu43"",""schemaId"":""ckk8bg8ff06bx0ybafthc84mp"",""title"":""useful_space"",""value"":""useful_space"",""color"":""#1CE6FF"",""bbox"":{""top"":719,""left"":225,""height"":2870,""width"":1373},""instanceURI"":""https://api.labelbox.com/masks/feature/ckk8bl7j600iv0ya64hkucu43?token=eyJhbGciOiJIUzI1NiIsInR5cCI6IkpXVCJ9.eyJ1c2VySWQiOiJja2g0ajg0eGR3aGY4MDg5NG82N3p1bndxIiwib3JnYW5pemF0aW9uSWQiOiJja2dqNGw1eTFycmpjMDc4MndwbmltNzQzIiwiaWF0IjoxNjExMzIyMjY0LCJleHAiOjE2MTM5MTQyNjR9.UqSzq-DpcrkIyuaiDSK9K_8VGdoLgSdbcwtvFRiDVbY""}],""classifications"":[]}",1004608032@qq.com,background_labeled,1611322126000,1611322180376,9.465,bg_img_2.jpg,,-1,,,background_img,[],https://editor.labelbox.com?project=ckk8b70qg0tko0804nkbjono1&label=ckk8bl8bd000d3g68hl32r6fp
ckk8blgvv000e3g68dhk95bm4,ckk8b8zb2bhfj0re7h33f5swe,https://storage.labelbox.com/ckgj4l5y1rrjc0782wpnim743%2F23a5af02-7bb1-c220-3044-a30c51da3924-bg_img_5.jpg?Expires=1612531864676&KeyName=labelbox-assets-key-1&Signature=xffmAOMun3mFXJpWAuSks9CQDr8,"{""objects"":[{""featureId"":""ckk8blfnx0b6w0ybuf2qdcon1"",""schemaId"":""ckk8bg8ff06bx0ybafthc84mp"",""title"":""useful_space"",""value"":""useful_space"",""color"":""#1CE6FF"",""bbox"":{""top"":289,""left"":279,""height"":2205,""width"":1289},""instanceURI"":""https://api.labelbox.com/masks/feature/ckk8blfnx0b6w0ybuf2qdcon1?token=eyJhbGciOiJIUzI1NiIsInR5cCI6IkpXVCJ9.eyJ1c2VySWQiOiJja2g0ajg0eGR3aGY4MDg5NG82N3p1bndxIiwib3JnYW5pemF0aW9uSWQiOiJja2dqNGw1eTFycmpjMDc4MndwbmltNzQzIiwiaWF0IjoxNjExMzIyMjY0LCJleHAiOjE2MTM5MTQyNjR9.UqSzq-DpcrkIyuaiDSK9K_8VGdoLgSdbcwtvFRiDVbY""}],""classifications"":[]}",1004608032@qq.com,background_labeled,1611322136000,1611322181047,15.530000000000001,bg_img_5.jpg,,-1,,,background_img,[],https://editor.labelbox.com?project=ckk8b70qg0tko0804nkbjono1&label=ckk8blgvv000e3g68dhk95bm4
ckk8blx5k000f3g68p3i3ab16,ckk8b8zb2bhfv0re78uqqao58,https://storage.labelbox.com/ckgj4l5y1rrjc0782wpnim743%2Ffbf5a788-f9c4-e53c-487d-7c33a4fb11a0-bg_img_9.jpg?Expires=1612531864676&KeyName=labelbox-assets-key-1&Signature=PvuQSQTCfYn3q6xT7eprj6bnO8g,"{""objects"":[{""featureId"":""ckk8blwaj08b70ybad6cr2fez"",""schemaId"":""ckk8bg8ff06bx0ybafthc84mp"",""title"":""useful_space"",""value"":""useful_space"",""color"":""#1CE6FF"",""bbox"":{""top"":426,""left"":192,""height"":2028,""width"":1183},""instanceURI"":""https://api.labelbox.com/masks/feature/ckk8blwaj08b70ybad6cr2fez?token=eyJhbGciOiJIUzI1NiIsInR5cCI6IkpXVCJ9.eyJ1c2VySWQiOiJja2g0ajg0eGR3aGY4MDg5NG82N3p1bndxIiwib3JnYW5pemF0aW9uSWQiOiJja2dqNGw1eTFycmpjMDc4MndwbmltNzQzIiwiaWF0IjoxNjExMzIyMjY0LCJleHAiOjE2MTM5MTQyNjR9.UqSzq-DpcrkIyuaiDSK9K_8VGdoLgSdbcwtvFRiDVbY""}],""classifications"":[]}",1004608032@qq.com,background_labeled,1611322157000,1611322182160,12.409,bg_img_9.jpg,,-1,,,background_img,[],https://editor.labelbox.com?project=ckk8b70qg0tko0804nkbjono1&label=ckk8blx5k000f3g68p3i3ab16
ckk8bm38a000g3g68kay10qks,ckk8b8zb2bhg70re787zk07dk,https://storage.labelbox.com/ckgj4l5y1rrjc0782wpnim743%2Fe6dac847-c9ba-5dd3-747e-e6ba67451eb5-bg_img_12.jpg?Expires=1612531864677&KeyName=labelbox-assets-key-1&Signature=PfrcniizuvCaoepaVWGK8IoWvaM,"{""objects"":[{""featureId"":""ckk8bm26c08da0ybafh0f9tv6"",""schemaId"":""ckk8bg8ff06bx0ybafthc84mp"",""title"":""useful_space"",""value"":""useful_space"",""color"":""#1CE6FF"",""bbox"":{""top"":276,""left"":278,""height"":3109,""width"":2062},""instanceURI"":""https://api.labelbox.com/masks/feature/ckk8bm26c08da0ybafh0f9tv6?token=eyJhbGciOiJIUzI1NiIsInR5cCI6IkpXVCJ9.eyJ1c2VySWQiOiJja2g0ajg0eGR3aGY4MDg5NG82N3p1bndxIiwib3JnYW5pemF0aW9uSWQiOiJja2dqNGw1eTFycmpjMDc4MndwbmltNzQzIiwiaWF0IjoxNjExMzIyMjY0LCJleHAiOjE2MTM5MTQyNjR9.UqSzq-DpcrkIyuaiDSK9K_8VGdoLgSdbcwtvFRiDVbY""}],""classifications"":[]}",1004608032@qq.com,background_labeled,1611322165000,1611322183000,9.055,bg_img_12.jpg,-1,-1,,,background_img,[],https://editor.labelbox.com?project=ckk8b70qg0tko0804nkbjono1&label=ckk8bm38a000g3g68kay10qks
ckk8bmaj1000h3g6802yfihnf,ckk8b8zb2bhgj0re7geegahnd,https://storage.labelbox.com/ckgj4l5y1rrjc0782wpnim743%2F96ad34bb-bfc6-e2d5-877c-8b7fa0a365ef-bg_img_15.jpg?Expires=1612531864677&KeyName=labelbox-assets-key-1&Signature=sxsPdXOeKXRhb8y-3FNIW-Gfx5M,"{""objects"":[{""featureId"":""ckk8bm9ie08f70yba2jjng2ku"",""schemaId"":""ckk8bg8ff06bx0ybafthc84mp"",""title"":""useful_space"",""value"":""useful_space"",""color"":""#1CE6FF"",""bbox"":{""top"":430,""left"":362,""height"":2723,""width"":1854},""instanceURI"":""https://api.labelbox.com/masks/feature/ckk8bm9ie08f70yba2jjng2ku?token=eyJhbGciOiJIUzI1NiIsInR5cCI6IkpXVCJ9.eyJ1c2VySWQiOiJja2g0ajg0eGR3aGY4MDg5NG82N3p1bndxIiwib3JnYW5pemF0aW9uSWQiOiJja2dqNGw1eTFycmpjMDc4MndwbmltNzQzIiwiaWF0IjoxNjExMzIyMjY0LCJleHAiOjE2MTM5MTQyNjR9.UqSzq-DpcrkIyuaiDSK9K_8VGdoLgSdbcwtvFRiDVbY""}],""classifications"":[]}",1004608032@qq.com,background_labeled,1611322174000,1611322183493,6.824999999999999,bg_img_15.jpg,,-1,,,background_img,[],https://editor.labelbox.com?project=ckk8b70qg0tko0804nkbjono1&label=ckk8bmaj1000h3g6802yfihnf
ckk8bmg9w000i3g688hwajpb6,ckk8b8zb2bhgv0re7bcjq17x5,https://storage.labelbox.com/ckgj4l5y1rrjc0782wpnim743%2F35a1f01b-aad4-5906-af37-8cdc4d18bac0-bg_img_18.jpg?Expires=1612531864677&KeyName=labelbox-assets-key-1&Signature=vom1R3Divmiv-DfGzixWwYBezBI,"{""objects"":[{""featureId"":""ckk8bmflx0bk70ybu55tn45k4"",""schemaId"":""ckk8bg8ff06bx0ybafthc84mp"",""title"":""useful_space"",""value"":""useful_space"",""color"":""#1CE6FF"",""bbox"":{""top"":147,""left"":119,""height"":3089,""width"":1312},""instanceURI"":""https://api.labelbox.com/masks/feature/ckk8bmflx0bk70ybu55tn45k4?token=eyJhbGciOiJIUzI1NiIsInR5cCI6IkpXVCJ9.eyJ1c2VySWQiOiJja2g0ajg0eGR3aGY4MDg5NG82N3p1bndxIiwib3JnYW5pemF0aW9uSWQiOiJja2dqNGw1eTFycmpjMDc4MndwbmltNzQzIiwiaWF0IjoxNjExMzIyMjY0LCJleHAiOjE2MTM5MTQyNjR9.UqSzq-DpcrkIyuaiDSK9K_8VGdoLgSdbcwtvFRiDVbY""}],""classifications"":[]}",1004608032@qq.com,background_labeled,1611322182000,1611322243000,39.516,bg_img_18.jpg,-1,-1,,,background_img,[],https://editor.labelbox.com?project=ckk8b70qg0tko0804nkbjono1&label=ckk8bmg9w000i3g688hwajpb6
